{
  "camera": {
    "fov_deg": 60,
    "ortho_size": 4,
    "position": [
      0,
      2,
      7
    ],
    "projection": "perspective",
    "target": [
      0,
      0,
      0
    ],
    "up": [
      0,
      1,
      0
    ]
  },
  "lights": [
    {
      "color": [
        1,
        1,
        1
      ],
      "intensity": 1,
      "pos": [
        5,
        10,
        5
      ]
    }
  ],
  "objects": [
    {
      "geometry": {
        "expr": "  t0 = x;\n  t1 = (t0*t0);\n  t2 = y;\n  t3 = (t2*t2);\n  t4 = (t1+t3);\n  t5 = sqrt(t4);\n  t6 = 0.850000023842;\n  t7 = (t5-t6);\n  t8 = z;\n  t9 = abs(t8);\n  t10 = 0.219999998808;\n  t11 = (t9-t10);\n  t12 = max(t7,t11);\n  t13 = 0.280000001192;\n  t14 = (t5-t13);\n  t15 = abs(t8);\n  t16 = 0.5;\n  t17 = (t15-t16);\n  t18 = max(t14,t17);\n  t19 = (0.0-t18);\n  t20 = max(t12,t19);\n  t21 = 0.920000016689;\n  t22 = (t0-t21);\n  t23 = abs(t22);\n  t24 = 0.109999999404;\n  t25 = (t23-t24);\n  t26 = abs(t2);\n  t27 = 0.090000003576;\n  t28 = (t26-t27);\n  t29 = max(t25,t28);\n  t30 = abs(t8);\n  t31 = 0.219999998808;\n  t32 = (t30-t31);\n  t33 = max(t29,t32);\n  t34 = min(t20,t33);\n  t35 = 0.939692616463;\n  t36 = (t0*t35);\n  t37 = 0.342020153999;\n  t38 = (t2*t37);\n  t39 = (t36+t38);\n  t40 = 0.920000016689;\n  t41 = (t39-t40);\n  t42 = abs(t41);\n  t43 = 0.109999999404;\n  t44 = (t42-t43);\n  t45 = -0.342020153999;\n  t46 = (t0*t45);\n  t47 = 0.939692616463;\n  t48 = (t2*t47);\n  t49 = (t46+t48);\n  t50 = abs(t49);\n  t51 = 0.090000003576;\n  t52 = (t50-t51);\n  t53 = max(t44,t52);\n  t54 = abs(t8);\n  t55 = 0.219999998808;\n  t56 = (t54-t55);\n  t57 = max(t53,t56);\n  t58 = min(t34,t57);\n  t59 = 0.766044437885;\n  t60 = (t0*t59);\n  t61 = 0.642787635326;\n  t62 = (t2*t61);\n  t63 = (t60+t62);\n  t64 = 0.920000016689;\n  t65 = (t63-t64);\n  t66 = abs(t65);\n  t67 = 0.109999999404;\n  t68 = (t66-t67);\n  t69 = -0.642787635326;\n  t70 = (t0*t69);\n  t71 = 0.766044437885;\n  t72 = (t2*t71);\n  t73 = (t70+t72);\n  t74 = abs(t73);\n  t75 = 0.090000003576;\n  t76 = (t74-t75);\n  t77 = max(t68,t76);\n  t78 = abs(t8);\n  t79 = 0.219999998808;\n  t80 = (t78-t79);\n  t81 = max(t77,t80);\n  t82 = min(t58,t81);\n  t83 = 0.5;\n  t84 = (t0*t83);\n  t85 = 0.866025388241;\n  t86 = (t2*t85);\n  t87 = (t84+t86);\n  t88 = 0.920000016689;\n  t89 = (t87-t88);\n  t90 = abs(t89);\n  t91 = 0.109999999404;\n  t92 = (t90-t91);\n  t93 = -0.866025388241;\n  t94 = (t0*t93);\n  t95 = 0.5;\n  t96 = (t2*t95);\n  t97 = (t94+t96);\n  t98 = abs(t97);\n  t99 = 0.090000003576;\n  t100 = (t98-t99);\n  t101 = max(t92,t100);\n  t102 = abs(t8);\n  t103 = 0.219999998808;\n  t104 = (t102-t103);\n  t105 = max(t101,t104);\n  t106 = min(t82,t105);\n  t107 = 0.173648178577;\n  t108 = (t0*t107);\n  t109 = 0.984807729721;\n  t110 = (t2*t109);\n  t111 = (t108+t110);\n  t112 = 0.920000016689;\n  t113 = (t111-t112);\n  t114 = abs(t113);\n  t115 = 0.109999999404;\n  t116 = (t114-t115);\n  t117 = -0.984807729721;\n  t118 = (t0*t117);\n  t119 = 0.173648178577;\n  t120 = (t2*t119);\n  t121 = (t118+t120);\n  t122 = abs(t121);\n  t123 = 0.090000003576;\n  t124 = (t122-t123);\n  t125 = max(t116,t124);\n  t126 = abs(t8);\n  t127 = 0.219999998808;\n  t128 = (t126-t127);\n  t129 = max(t125,t128);\n  t130 = min(t106,t129);\n  t131 = -0.173648178577;\n  t132 = (t0*t131);\n  t133 = 0.984807729721;\n  t134 = (t2*t133);\n  t135 = (t132+t134);\n  t136 = 0.920000016689;\n  t137 = (t135-t136);\n  t138 = abs(t137);\n  t139 = 0.109999999404;\n  t140 = (t138-t139);\n  t141 = -0.984807729721;\n  t142 = (t0*t141);\n  t143 = -0.173648178577;\n  t144 = (t2*t143);\n  t145 = (t142+t144);\n  t146 = abs(t145);\n  t147 = 0.090000003576;\n  t148 = (t146-t147);\n  t149 = max(t140,t148);\n  t150 = abs(t8);\n  t151 = 0.219999998808;\n  t152 = (t150-t151);\n  t153 = max(t149,t152);\n  t154 = min(t130,t153);\n  t155 = -0.5;\n  t156 = (t0*t155);\n  t157 = 0.866025388241;\n  t158 = (t2*t157);\n  t159 = (t156+t158);\n  t160 = 0.920000016689;\n  t161 = (t159-t160);\n  t162 = abs(t161);\n  t163 = 0.109999999404;\n  t164 = (t162-t163);\n  t165 = -0.866025388241;\n  t166 = (t0*t165);\n  t167 = -0.5;\n  t168 = (t2*t167);\n  t169 = (t166+t168);\n  t170 = abs(t169);\n  t171 = 0.090000003576;\n  t172 = (t170-t171);\n  t173 = max(t164,t172);\n  t174 = abs(t8);\n  t175 = 0.219999998808;\n  t176 = (t174-t175);\n  t177 = max(t173,t176);\n  t178 = min(t154,t177);\n  t179 = -0.766044437885;\n  t180 = (t0*t179);\n  t181 = 0.642787635326;\n  t182 = (t2*t181);\n  t183 = (t180+t182);\n  t184 = 0.920000016689;\n  t185 = (t183-t184);\n  t186 = abs(t185);\n  t187 = 0.109999999404;\n  t188 = (t186-t187);\n  t189 = -0.642787635326;\n  t190 = (t0*t189);\n  t191 = -0.766044437885;\n  t192 = (t2*t191);\n  t193 = (t190+t192);\n  t194 = abs(t193);\n  t195 = 0.090000003576;\n  t196 = (t194-t195);\n  t197 = max(t188,t196);\n  t198 = abs(t8);\n  t199 = 0.219999998808;\n  t200 = (t198-t199);\n  t201 = max(t197,t200);\n  t202 = min(t178,t201);\n  t203 = -0.939692616463;\n  t204 = (t0*t203);\n  t205 = 0.342020153999;\n  t206 = (t2*t205);\n  t207 = (t204+t206);\n  t208 = 0.920000016689;\n  t209 = (t207-t208);\n  t210 = abs(t209);\n  t211 = 0.109999999404;\n  t212 = (t210-t211);\n  t213 = -0.342020153999;\n  t214 = (t0*t213);\n  t215 = -0.939692616463;\n  t216 = (t2*t215);\n  t217 = (t214+t216);\n  t218 = abs(t217);\n  t219 = 0.090000003576;\n  t220 = (t218-t219);\n  t221 = max(t212,t220);\n  t222 = abs(t8);\n  t223 = 0.219999998808;\n  t224 = (t222-t223);\n  t225 = max(t221,t224);\n  t226 = min(t202,t225);\n  t227 = 0.000000000000;\n  t228 = (t2*t227);\n  t229 = (t228-t0);\n  t230 = 0.920000016689;\n  t231 = (t229-t230);\n  t232 = abs(t231);\n  t233 = 0.109999999404;\n  t234 = (t232-t233);\n  t235 = -0.000000000000;\n  t236 = (t0*t235);\n  t237 = (t236-t2);\n  t238 = abs(t237);\n  t239 = 0.090000003576;\n  t240 = (t238-t239);\n  t241 = max(t234,t240);\n  t242 = abs(t8);\n  t243 = 0.219999998808;\n  t244 = (t242-t243);\n  t245 = max(t241,t244);\n  t246 = min(t226,t245);\n  t247 = -0.939692616463;\n  t248 = (t0*t247);\n  t249 = -0.342020153999;\n  t250 = (t2*t249);\n  t251 = (t248+t250);\n  t252 = 0.920000016689;\n  t253 = (t251-t252);\n  t254 = abs(t253);\n  t255 = 0.109999999404;\n  t256 = (t254-t255);\n  t257 = 0.342020153999;\n  t258 = (t0*t257);\n  t259 = -0.939692616463;\n  t260 = (t2*t259);\n  t261 = (t258+t260);\n  t262 = abs(t261);\n  t263 = 0.090000003576;\n  t264 = (t262-t263);\n  t265 = max(t256,t264);\n  t266 = abs(t8);\n  t267 = 0.219999998808;\n  t268 = (t266-t267);\n  t269 = max(t265,t268);\n  t270 = min(t246,t269);\n  t271 = -0.766044437885;\n  t272 = (t0*t271);\n  t273 = -0.642787635326;\n  t274 = (t2*t273);\n  t275 = (t272+t274);\n  t276 = 0.920000016689;\n  t277 = (t275-t276);\n  t278 = abs(t277);\n  t279 = 0.109999999404;\n  t280 = (t278-t279);\n  t281 = 0.642787635326;\n  t282 = (t0*t281);\n  t283 = -0.766044437885;\n  t284 = (t2*t283);\n  t285 = (t282+t284);\n  t286 = abs(t285);\n  t287 = 0.090000003576;\n  t288 = (t286-t287);\n  t289 = max(t280,t288);\n  t290 = abs(t8);\n  t291 = 0.219999998808;\n  t292 = (t290-t291);\n  t293 = max(t289,t292);\n  t294 = min(t270,t293);\n  t295 = -0.5;\n  t296 = (t0*t295);\n  t297 = -0.866025388241;\n  t298 = (t2*t297);\n  t299 = (t296+t298);\n  t300 = 0.920000016689;\n  t301 = (t299-t300);\n  t302 = abs(t301);\n  t303 = 0.109999999404;\n  t304 = (t302-t303);\n  t305 = 0.866025388241;\n  t306 = (t0*t305);\n  t307 = -0.5;\n  t308 = (t2*t307);\n  t309 = (t306+t308);\n  t310 = abs(t309);\n  t311 = 0.090000003576;\n  t312 = (t310-t311);\n  t313 = max(t304,t312);\n  t314 = abs(t8);\n  t315 = 0.219999998808;\n  t316 = (t314-t315);\n  t317 = max(t313,t316);\n  t318 = min(t294,t317);\n  t319 = -0.173648178577;\n  t320 = (t0*t319);\n  t321 = -0.984807729721;\n  t322 = (t2*t321);\n  t323 = (t320+t322);\n  t324 = 0.920000016689;\n  t325 = (t323-t324);\n  t326 = abs(t325);\n  t327 = 0.109999999404;\n  t328 = (t326-t327);\n  t329 = 0.984807729721;\n  t330 = (t0*t329);\n  