{
  "camera": {
    "fov_deg": 60,
    "ortho_size": 4,
    "position": [
      0,
      2,
      7
    ],
    "projection": "perspective",
    "target": [
      0,
      0,
      0
    ],
    "up": [
      0,
      1,
      0
    ]
  },
  "lights": [
    {
      "color": [
        1,
        1,
        1
      ],
      "intensity": 1,
      "pos": [
        5,
        10,
        5
      ]
    }
  ],
  "objects": [
    {
      "geometry": {
        "expr": "  t0 = z;\n  t1 = 0.850000023842;\n  t2 = (t0+t1);\n  t3 = abs(t2);\n  t4 = 0.119999997318;\n  t5 = (t3-t4);\n  t6 = x;\n  t7 = -1.100000023842;\n  t8 = (t6-t7);\n  t9 = (t6-t7);\n  t10 = (t8*t9);\n  t11 = y;\n  t12 = -1.100000023842;\n  t13 = (t11-t12);\n  t14 = (t11-t12);\n  t15 = (t13*t14);\n  t16 = (t10+t15);\n  t17 = sqrt(t16);\n  t18 = 0.109999999404;\n  t19 = (t17-t18);\n  t20 = abs(t0);\n  t21 = 0.77999997139;\n  t22 = (t20-t21);\n  t23 = max(t19,t22);\n  t24 = min(t5,t23);\n  t25 = -1.100000023842;\n  t26 = (t6-t25);\n  t27 = (t6-t25);\n  t28 = (t26*t27);\n  t29 = -0.550000011921;\n  t30 = (t11-t29);\n  t31 = (t11-t29);\n  t32 = (t30*t31);\n  t33 = (t28+t32);\n  t34 = sqrt(t33);\n  t35 = 0.109999999404;\n  t36 = (t34-t35);\n  t37 = abs(t0);\n  t38 = 0.77999997139;\n  t39 = (t37-t38);\n  t40 = max(t36,t39);\n  t41 = min(t24,t40);\n  t42 = -1.100000023842;\n  t43 = (t6-t42);\n  t44 = (t6-t42);\n  t45 = (t43*t44);\n  t46 = (t11*t11);\n  t47 = (t45+t46);\n  t48 = sqrt(t47);\n  t49 = 0.109999999404;\n  t50 = (t48-t49);\n  t51 = abs(t0);\n  t52 = 0.77999997139;\n  t53 = (t51-t52);\n  t54 = max(t50,t53);\n  t55 = min(t41,t54);\n  t56 = -1.100000023842;\n  t57 = (t6-t56);\n  t58 = (t6-t56);\n  t59 = (t57*t58);\n  t60 = 0.550000011921;\n  t61 = (t11-t60);\n  t62 = (t11-t60);\n  t63 = (t61*t62);\n  t64 = (t59+t63);\n  t65 = sqrt(t64);\n  t66 = 0.109999999404;\n  t67 = (t65-t66);\n  t68 = abs(t0);\n  t69 = 0.77999997139;\n  t70 = (t68-t69);\n  t71 = max(t67,t70);\n  t72 = min(t55,t71);\n  t73 = -1.100000023842;\n  t74 = (t6-t73);\n  t75 = (t6-t73);\n  t76 = (t74*t75);\n  t77 = 1.100000023842;\n  t78 = (t11-t77);\n  t79 = (t11-t77);\n  t80 = (t78*t79);\n  t81 = (t76+t80);\n  t82 = sqrt(t81);\n  t83 = 0.109999999404;\n  t84 = (t82-t83);\n  t85 = abs(t0);\n  t86 = 0.77999997139;\n  t87 = (t85-t86);\n  t88 = max(t84,t87);\n  t89 = min(t72,t88);\n  t90 = -0.550000011921;\n  t91 = (t6-t90);\n  t92 = (t6-t90);\n  t93 = (t91*t92);\n  t94 = -1.100000023842;\n  t95 = (t11-t94);\n  t96 = (t11-t94);\n  t97 = (t95*t96);\n  t98 = (t93+t97);\n  t99 = sqrt(t98);\n  t100 = 0.109999999404;\n  t101 = (t99-t100);\n  t102 = abs(t0);\n  t103 = 0.77999997139;\n  t104 = (t102-t103);\n  t105 = max(t101,t104);\n  t106 = min(t89,t105);\n  t107 = -0.550000011921;\n  t108 = (t6-t107);\n  t109 = (t6-t107);\n  t110 = (t108*t109);\n  t111 = -0.550000011921;\n  t112 = (t11-t111);\n  t113 = (t11-t111);\n  t114 = (t112*t113);\n  t115 = (t110+t114);\n  t116 = sqrt(t115);\n  t117 = 0.109999999404;\n  t118 = (t116-t117);\n  t119 = abs(t0);\n  t120 = 0.77999997139;\n  t121 = (t119-t120);\n  t122 = max(t118,t121);\n  t123 = min(t106,t122);\n  t124 = -0.550000011921;\n  t125 = (t6-t124);\n  t126 = (t6-t124);\n  t127 = (t125*t126);\n  t128 = (t11*t11);\n  t129 = (t127+t128);\n  t130 = sqrt(t129);\n  t131 = 0.109999999404;\n  t132 = (t130-t131);\n  t133 = abs(t0);\n  t134 = 0.77999997139;\n  t135 = (t133-t134);\n  t136 = max(t132,t135);\n  t137 = min(t123,t136);\n  t138 = -0.550000011921;\n  t139 = (t6-t138);\n  t140 = (t6-t138);\n  t141 = (t139*t140);\n  t142 = 0.550000011921;\n  t143 = (t11-t142);\n  t144 = (t11-t142);\n  t145 = (t143*t144);\n  t146 = (t141+t145);\n  t147 = sqrt(t146);\n  t148 = 0.109999999404;\n  t149 = (t147-t148);\n  t150 = abs(t0);\n  t151 = 0.77999997139;\n  t152 = (t150-t151);\n  t153 = max(t149,t152);\n  t154 = min(t137,t153);\n  t155 = -0.550000011921;\n  t156 = (t6-t155);\n  t157 = (t6-t155);\n  t158 = (t156*t157);\n  t159 = 1.100000023842;\n  t160 = (t11-t159);\n  t161 = (t11-t159);\n  t162 = (t160*t161);\n  t163 = (t158+t162);\n  t164 = sqrt(t163);\n  t165 = 0.109999999404;\n  t166 = (t164-t165);\n  t167 = abs(t0);\n  t168 = 0.77999997139;\n  t169 = (t167-t168);\n  t170 = max(t166,t169);\n  t171 = min(t154,t170);\n  t172 = (t6*t6);\n  t173 = -1.100000023842;\n  t174 = (t11-t173);\n  t175 = (t11-t173);\n  t176 = (t174*t175);\n  t177 = (t172+t176);\n  t178 = sqrt(t177);\n  t179 = 0.109999999404;\n  t180 = (t178-t179);\n  t181 = abs(t0);\n  t182 = 0.77999997139;\n  t183 = (t181-t182);\n  t184 = max(t180,t183);\n  t185 = min(t171,t184);\n  t186 = (t6*t6);\n  t187 = -0.550000011921;\n  t188 = (t11-t187);\n  t189 = (t11-t187);\n  t190 = (t188*t189);\n  t191 = (t186+t190);\n  t192 = sqrt(t191);\n  t193 = 0.109999999404;\n  t194 = (t192-t193);\n  t195 = abs(t0);\n  t196 = 0.77999997139;\n  t197 = (t195-t196);\n  t198 = max(t194,t197);\n  t199 = min(t185,t198);\n  t200 = (t6*t6);\n  t201 = (t11*t11);\n  t202 = (t200+t201);\n  t203 = sqrt(t202);\n  t204 = 0.109999999404;\n  t205 = (t203-t204);\n  t206 = abs(t0);\n  t207 = 0.77999997139;\n  t208 = (t206-t207);\n  t209 = max(t205,t208);\n  t210 = min(t199,t209);\n  t211 = (t6*t6);\n  t212 = 0.550000011921;\n  t213 = (t11-t212);\n  t214 = (t11-t212);\n  t215 = (t213*t214);\n  t216 = (t211+t215);\n  t217 = sqrt(t216);\n  t218 = 0.109999999404;\n  t219 = (t217-t218);\n  t220 = abs(t0);\n  t221 = 0.77999997139;\n  t222 = (t220-t221);\n  t223 = max(t219,t222);\n  t224 = min(t210,t223);\n  t225 = (t6*t6);\n  t226 = 1.100000023842;\n  t227 = (t11-t226);\n  t228 = (t11-t226);\n  t229 = (t227*t228);\n  t230 = (t225+t229);\n  t231 = sqrt(t230);\n  t232 = 0.109999999404;\n  t233 = (t231-t232);\n  t234 = abs(t0);\n  t235 = 0.77999997139;\n  t236 = (t234-t235);\n  t237 = max(t233,t236);\n  t238 = min(t224,t237);\n  t239 = 0.550000011921;\n  t240 = (t6-t239);\n  t241 = (t6-t239);\n  t242 = (t240*t241);\n  t243 = -1.100000023842;\n  t244 = (t11-t243);\n  t245 = (t11-t243);\n  t246 = (t244*t245);\n  t247 = (t242+t246);\n  t248 = sqrt(t247);\n  t249 = 0.109999999404;\n  t250 = (t248-t249);\n  t251 = abs(t0);\n  t252 = 0.77999997139;\n  t253 = (t251-t252);\n  t254 = max(t250,t253);\n  t255 = min(t238,t254);\n  t256 = 0.550000011921;\n  t257 = (t6-t256);\n  t258 = (t6-t256);\n  t259 = (t257*t258);\n  t260 = -0.550000011921;\n  t261 = (t11-t260);\n  t262 = (t11-t260);\n  t263 = (t261*t262);\n  t264 = (t259+t263);\n  t265 = sqrt(t264);\n  t266 = 0.109999999404;\n  t267 = (t265-t266);\n  t268 = abs(t0);\n  t269 = 0.77999997139;\n  t270 = (t268-t269);\n  t271 = max(t267,t270);\n  t272 = min(t255,t271);\n  t273 = 0.550000011921;\n  t274 = (t6-t273);\n  t275 = (t6-t273);\n  t276 = (t274*t275);\n  t277 = (t11*t11);\n  t278 = (t276+t277);\n  t279 = sqrt(t278);\n  t280 = 0.109999999404;\n  t281 = (t279-t280);\n  t282 = abs(t0);\n  t283 = 0.77999997139;\n  t284 = (t282-t283);\n  t285 = max(t281,t284);\n  t286 = min(t272,t285);\n  t287 = 0.550000011921;\n  t288 = (t6-t287);\n  t289 = (t6-t287);\n  t290 = (t288*t289);\n  t291 = 0.550000011921;\n  t292 = (t11-t291);\n  t293 = (t11-t291);\n  t294 = (t292*t293);\n  t295 = (t290+t294);\n  t296 = sqrt(t295);\n  t297 = 0.109999999404;\n  t298 = (t296-t297);\n  t299 = abs(t0);\n  t300 = 0.77999997139;\n  t301 = (t299-t300);\n  t302 = max(t298,t301);\n  t303 = min(t286,t302);\n  t304 = 0.550000011921;\n  t305 = (t6-t304);\n  t306 = (t6-t304);\n  t307 = (t305*t306);\n  t308 = 1.100000023842;\n  t309 = (t11-t308);\n  t310 = (t11-t308);\n  t311 = (t309*t310);\n  t312 = (t307+t311);\n  t313 = sqrt(t312);\n  t314 = 0.109999999404;\n  t315 = (t313-t314);\n  t316 = abs(t0);\n  t317 = 0.77999997139;\n  t318 = (t316-t317);\n  t319 = max(t315,t318);\n  t320 = min(t303,t319);\n  t321 = 1.100000023842;\n  t322 = (t6-t321);\n  t323 = (t6-t321);\n  t324 = (t322*t323);\n  t325 = -1.100000023842;\n  t326 = (t11-t325);\n  t327 = (t11-t325);\n  t328 = (t326*t327);\n  t329 = (t324+t328);\n  t330 = sqrt(t329);\n  t331 = 0.109999999404;\n  t332 = (t330-t331);\n  t333 = abs(t0);