{
  "camera": {
    "fov_deg": 60,
    "ortho_size": 4,
    "position": [
      0,
      2,
      7
    ],
    "projection": "perspective",
    "target": [
      0,
      0,
      0
    ],
    "up": [
      0,
      1,
      0
    ]
  },
  "lights": [
    {
      "color": [
        1,
        1,
        1
      ],
      "intensity": 1,
      "pos": [
        5,
        10,
        5
      ]
    }
  ],
  "objects": [
    {
      "geometry": {
        "expr": "  t0 = 0.625;\n  t1 = 0.955336511135;\n  t2 = x;\n  t3 = (t1-t2);\n  t4 = -0.295520216227;\n  t5 = 0.099833413959;\n  t6 = y;\n  t7 = (t5-t6);\n  t8 = 0.995004177094;\n  t9 = z;\n  t10 = (t8-t9);\n  t11 = max(t7,t10);\n  t12 = (t4-t11);\n  t13 = max(t3,t12);\n  t14 = 0.5;\n  t15 = pow(t13,1.0/t14);\n  t16 = max(t0,t15);\n  t17 = (t16*t16);\n  t18 = (t8-t6);\n  t19 = -0.099833413959;\n  t20 = (t19-t9);\n  t21 = max(t18,t20);\n  t22 = pow(t21,1.0/t14);\n  t23 = 0.375;\n  t24 = pow(t22,t23);\n  t25 = (t24*t24);\n  t26 = max(t17,t25);\n  t27 = sqrt(t26);\n  t28 = 0.17499999702;\n  t29 = pow(t27,t28);\n  t30 = (0.0-t29);\n  t31 = -0.649999976158;\n  t32 = (t31-t24);\n  t33 = (0.0-t32);\n  t34 = 0.097500018775;\n  t35 = 0.525435090065;\n  t36 = (t2-t35);\n  t37 = max(t34,t36);\n  t38 = 0.314727783203;\n  t39 = (t6-t38);\n  t40 = 0.131774097681;\n  t41 = (t9-t40);\n  t42 = max(t39,t41);\n  t43 = pow(t37,t42);\n  t44 = 0.032499998808;\n  t45 = max(t44,t36);\n  t46 = 0.978777647018;\n  t47 = (t6-t46);\n  t48 = max(t45,t47);\n  t49 = 0.261557519436;\n  t50 = (t9-t49);\n  t51 = pow(t48,t50);\n  t52 = (0.0-t51);\n  t53 = atan2(t43,t52);\n  t54 = atan2(t33,t53);\n  t55 = (0.0-t54);\n  t56 = 0.27500000596;\n  t57 = pow(t27,t56);\n  t58 = atan2(t55,t57);\n  t59 = atan2(t30,t58);\n  t60 = 0.850000023842;\n  t61 = max(t15,t60);\n  t62 = (0.0-t61);\n  t63 = 0.350000023842;\n  t64 = max(t63,t15);\n  t65 = 0.324999988079;\n  t66 = pow(t65,t22);\n  t67 = 0.414999991655;\n  t68 = pow(t22,t67);\n  t69 = atan2(t66,t68);\n  t70 = atan2(t64,t69);\n  t71 = atan2(t62,t70);\n  t72 = (t59/t71);\n  t73 = atan2(t72,t57);\n  t74 = 0.225000023842;\n  t75 = max(t15,t74);\n  t76 = (0.0-t75);\n  t77 = 0.125;\n  t78 = max(t77,t15);\n  t79 = 0.10000000149;\n  t80 = pow(t22,t79);\n  t81 = (0.0-t80);\n  t82 = 1.100000023842;\n  t83 = pow(t22,t82);\n  t84 = atan2(t81,t83);\n  t85 = atan2(t78,t84);\n  t86 = atan2(t76,t85);\n  t87 = 0.024999976158;\n  t88 = pow(t87,t15);\n  t89 = pow(t15,t77);\n  t90 = atan2(t88,t89);\n  t91 = atan2(t90,t84);\n  t92 = (t86/t91);\n  t93 = 0.524999976158;\n  t94 = pow(t15,t93);\n  t95 = (t94*t94);\n  t96 = max(t95,t25);\n  t97 = sqrt(t96);\n  t98 = pow(t97,t56);\n  t99 = pow(t97,t28);\n  t100 = (0.0-t99);\n  t101 = atan2(t98,t100);\n  t102 = (t92/t101);\n  t103 = 1.325000047684;\n  t104 = max(t15,t103);\n  t105 = (t104*t104);\n  t106 = max(t105,t25);\n  t107 = sqrt(t106);\n  t108 = pow(t107,t28);\n  t109 = (0.0-t108);\n  t110 = -1.600000023842;\n  t111 = pow(t15,t110);\n  t112 = (0.0-t111);\n  t113 = 1.049999952316;\n  t114 = max(t15,t113);\n  t115 = pow(t23,t22);\n  t116 = 0.650000035763;\n  t117 = pow(t22,t116);\n  t118 = atan2(t115,t117);\n  t119 = atan2(t114,t118);\n  t120 = atan2(t112,t119);\n  t121 = pow(t107,t56);\n  t122 = atan2(t120,t121);\n  t123 = atan2(t109,t122);\n  t124 = 1.5;\n  t125 = max(t15,t124);\n  t126 = atan2(t125,t84);\n  t127 = atan2(t112,t126);\n  t128 = 1.150000095367;\n  t129 = max(t128,t15);\n  t130 = (0.0-t129);\n  t131 = atan2(t81,t24);\n  t132 = atan2(t114,t131);\n  t133 = atan2(t130,t132);\n  t134 = (t127/t133);\n  t135 = (t123/t134);\n  t136 = 0.999999880791;\n  t137 = pow(t15,t136);\n  t138 = (t137*t137);\n  t139 = 0.175000011921;\n  t140 = pow(t22,t139);\n  t141 = (t140*t140);\n  t142 = max(t138,t141);\n  t143 = sqrt(t142);\n  t144 = 0.07500000298;\n  t145 = pow(t143,t144);\n  t146 = 0.975000023842;\n  t147 = pow(t15,t146);\n  t148 = (t147*t147);\n  t149 = 0.333333343267;\n  t150 = (t22-t149);\n  t151 = 0.058333333582;\n  t152 = pow(t150,t151);\n  t153 = (t152*t152);\n  t154 = max(t148,t153);\n  t155 = sqrt(t154);\n  t156 = pow(t155,t144);\n  t157 = 0.899999976158;\n  t158 = pow(t15,t157);\n  t159 = (0.0-t158);\n  t160 = 1.050000071526;\n  t161 = pow(t15,t160);\n  t162 = 0.05000000447;\n  t163 = max(t22,t162);\n  t164 = (0.0-t163);\n  t165 = atan2(t164,t140);\n  t166 = atan2(t161,t165);\n  t167 = atan2(t159,t166);\n  t168 = 0.42990142107;\n  t169 = (t2-t168);\n  t170 = 0.981727898121;\n  t171 = (t6-t170);\n  t172 = max(t169,t171);\n  t173 = 0.232153132558;\n  t174 = (t9-t173);\n  t175 = pow(t172,t174);\n  t176 = 0.177500024438;\n  t177 = pow(t175,t176);\n  t178 = (0.0-t177);\n  t179 = 1.201380729675;\n  t180 = (t6-t179);\n  t181 = 0.238834127784;\n  t182 = (t2-t181);\n  t183 = 0.055000007153;\n  t184 = max(t182,t183);\n  t185 = 0.046289138496;\n  t186 = (t9-t185);\n  t187 = max(t184,t186);\n  t188 = pow(t180,t187);\n  t189 = 0.668735563755;\n  t190 = (t2-t189);\n  t191 = 0.319999992847;\n  t192 = 0.219652786851;\n  t193 = (t6-t192);\n  t194 = max(t191,t193);\n  t195 = 0.185864001513;\n  t196 = (t9-t195);\n  t197 = max(t194,t196);\n  t198 = pow(t190,t197);\n  t199 = atan2(t188,t198);\n  t200 = atan2(t178,t199);\n  t201 = (0.0-t200);\n  t202 = atan2(t167,t201);\n  t203 = atan2(t156,t202);\n  t204 = (t145/t203);\n  t205 = (t135/t204);\n  t206 = (t102/t205);\n  t207 = (t73/t206);\n  t208 = -0.10000000149;\n  t209 = 0.450000017881;\n  t210 = max(t209,t22);\n  t211 = (t208-t210);\n  t212 = (0.0-t211);\n  t213 = 0.465049028397;\n  t214 = (t6-t213);\n  t215 = 0.937500059605;\n  t216 = max(t214,t215);\n  t217 = 1.05087018013;\n  t218 = (t2-t217);\n  t219 = max(t216,t218);\n  t220 = 0.373364955187;\n  t221 = (t9-t220);\n  t222 = pow(t219,t221);\n  t223 = 0.664049863815;\n  t224 = (t6-t223);\n  t225 = 1.037500023842;\n  t226 = max(t224,t225);\n  t227 = max(t226,t218);\n  t228 = 0.393331646919;\n  t229 = (t9-t228);\n  t230 = pow(t227,t229);\n  t231 = (0.0-t230);\n  t232 = atan2(t222,t231);\n  t233 = atan2(t212,t232);\n  t234 = 1.000000000000;\n  t235 = max(t22,t234);\n  t236 = (t79-t235);\n  t237 = (0.0-t236);\n  t238 = 0.992500066757;\n  t239 = max(t214,t238);\n  t240 = max(t239,t218);\n  t241 = pow(t240,t221);\n  t242 = (0.0-t241);\n  t243 = atan2(t230,t242);\n  t244 = atan2(t237,t243);\n  t245 = (t233/t244);\n  t246 = 0.273531526327;\n  t247 = (t9-t246);\n  t248 = 0.529955148697;\n  t249 = (t6-t248);\n  t250 = max(t247,t249);\n  t251 = 0.492500036955;\n  t252 = max(t218,t251);\n  t253 = pow(t250,t252);\n  t254 = 0.392500013113;\n  t255 = max(t254,t218);\n  t256 = 0.728955984116;\n  t257 = (t6-t256);\n  t258 = 0.253564834595;\n  t259 = (t9-t258);\n  t260 = max(t257,t259);\n  t261 = pow(t255,t260);\n  t262 = atan2(t253,t261);\n  t263 = atan2(t212,t262);\n  t264 = 0.437500029802;\n  t265 = max(t264,t218);\n  t266 = max(t249,t247);\n  t267 = pow(t265,t266);\n  t268 = max(t259,t257);\n  t269 = max(t218,t254);\n  t270 = pow(t268,t269);\n  t271 = atan2(t267,t270);\n  t272 = atan2(t237,t271);\n  t273 = (t263/t272);\n  t274 = (t245/t273);\n  t275 = 0.662500023842;\n  t276 = max(t214,t275);\n  t277 = max(t276,t218);\n  t278 = pow(t277,t221);\n  t279 = 0.762500047684;\n  t280 = max(t224,t279);\n  t281 = max(t280,t218);\n  t282 = pow(t281,t229);\n  t283 = (0.0-t282);\n  t284 = atan2(t278,t283);\n  t285 = atan2(t212,t284);\n  t286 = 0.762499988079;\n  t287 = max(t224,t286);\n  t288 = max(t287,t218);\n  t289 = pow(t288,t229);\n  t290 = 0.717500090599;\n  t291 = max(t214,t290);\n  t292 = max(t291,t218);\n  t293 = pow(t292,t221);\n  t294 = (0.0-t293);\n  t295 = atan2(t289,t294);\n  t296 = atan2(t237,t295);\n  t297 = (t285/t296);\n  t298 = 0.217500030994;\n  t299 = max(t218,t298);\n  t300 = pow(t250,t299);\n  t301 = 0.117500066757;\n  t302 = max(t301,t218);\n  t303 = pow(t302,t260);\n  t304 = atan2(t300,t303);\n  t305 = atan2(t212,t304);\n  t306 = 0.162499964237;\n  t307 = max(t306,t218);\n  t308 = pow(t307,t266);\n  t309 = max(t218,t301);\n  t310 = pow(t268,t309);\n  t311 = atan2(t308,t310);\n  